{
  "accuracy": 0.6498470948012233,
  "f1_score": 0.6604892512972572,
  "auc": 0.6858903511214955,
  "confusion_matrix": [
    [
      809,
      426
    ],
    [
      490,
      891
    ]
  ],
  "training_config": {
    "epochs": 2000,
    "learning_rate": 0.001,
    "batch_size": 16
  }
}