{
  "accuracy": 0.7266023823028928,
  "f1_score": 0.7952421410365336,
  "auc": 0.8010573221957804,
  "confusion_matrix": [
    [
      345,
      148
    ],
    [
      334,
      936
    ]
  ],
  "training_config": {
    "epochs": 200,
    "learning_rate": 0.001,
    "batch_size": 16
  }
}