{
  "accuracy": 0.6089449541284404,
  "f1_score": 0.5717873587275011,
  "auc": 0.6214292583271372,
  "auprc": 0.650310398867179,
  "confusion_matrix": [
    [
      910,
      324
    ],
    [
      699,
      683
    ]
  ],
  "training_config": {
    "epochs": 2000,
    "learning_rate": 0.001,
    "batch_size": 16
  }
}