{
  "accuracy": 0.7706422018348624,
  "f1_score": 0.09365558912386707,
  "auc": 0.5359530553258401,
  "auprc": 0.2175370559756634,
  "confusion_matrix": [
    [
      1985,
      102
    ],
    [
      498,
      31
    ]
  ],
  "training_config": {
    "epochs": 2000,
    "learning_rate": 0.001,
    "batch_size": 16
  }
}