{
  "accuracy": 0.6892201834862385,
  "f1_score": 0.7733482018399777,
  "auc": 0.7228423720824937,
  "auprc": 0.889638110336847,
  "confusion_matrix": [
    [
      416,
      289
    ],
    [
      524,
      1387
    ]
  ],
  "training_config": {
    "epochs": 1000,
    "learning_rate": 0.001,
    "batch_size": 16
  }
}