{
  "accuracy": 0.6047400611620795,
  "f1_score": 0.6004636785162287,
  "auc": 0.6229643928537084,
  "confusion_matrix": [
    [
      805,
      429
    ],
    [
      605,
      777
    ]
  ],
  "training_config": {
    "epochs": 200,
    "learning_rate": 0.001,
    "batch_size": 16
  }
}