{
  "accuracy": 0.6931905126243305,
  "f1_score": 0.78003291278113,
  "auc": 0.7323302460535945,
  "auprc": 0.8875004893610796,
  "confusion_matrix": [
    [
      390,
      315
    ],
    [
      487,
      1422
    ]
  ],
  "training_config": {
    "epochs": 1000,
    "learning_rate": 0.001,
    "batch_size": 16
  }
}