{
  "accuracy": 0.7046671767406274,
  "f1_score": 0.08962264150943396,
  "auc": 0.5170347383216809,
  "auprc": 0.28923039165908465,
  "confusion_matrix": [
    [
      1804,
      85
    ],
    [
      687,
      38
    ]
  ],
  "training_config": {
    "epochs": 1000,
    "learning_rate": 0.001,
    "batch_size": 16
  }
}