{
  "accuracy": 0.6896024464831805,
  "f1_score": 0.0730593607305936,
  "auc": 0.496931799962103,
  "auprc": 0.26955912840816454,
  "confusion_matrix": [
    [
      1772,
      118
    ],
    [
      694,
      32
    ]
  ],
  "training_config": {
    "epochs": 1000,
    "learning_rate": 0.001,
    "batch_size": 16
  }
}