{
  "accuracy": 0.6976299694189603,
  "f1_score": 0.08554913294797688,
  "auc": 0.5162865843651416,
  "auprc": 0.2840156291853517,
  "confusion_matrix": [
    [
      1788,
      103
    ],
    [
      688,
      37
    ]
  ],
  "training_config": {
    "epochs": 1000,
    "learning_rate": 0.001,
    "batch_size": 16
  }
}