{
  "accuracy": 0.6922782874617737,
  "f1_score": 0.060676779463243874,
  "auc": 0.5282558631043479,
  "auprc": 0.2867445689004785,
  "confusion_matrix": [
    [
      1785,
      105
    ],
    [
      700,
      26
    ]
  ],
  "training_config": {
    "epochs": 1000,
    "learning_rate": 0.001,
    "batch_size": 16
  }
}