{
  "accuracy": 0.6750764525993884,
  "f1_score": 0.7540509259259259,
  "auc": 0.744543534817091,
  "auprc": 0.8987581599514292,
  "confusion_matrix": [
    [
      463,
      242
    ],
    [
      608,
      1303
    ]
  ],
  "training_config": {
    "epochs": 1000,
    "learning_rate": 0.001,
    "batch_size": 16
  }
}