{
  "accuracy": 0.6961009174311926,
  "f1_score": 0.7817732637935767,
  "auc": 0.7273827152246605,
  "auprc": 0.8879605409965095,
  "confusion_matrix": [
    [
      397,
      308
    ],
    [
      487,
      1424
    ]
  ],
  "training_config": {
    "epochs": 1000,
    "learning_rate": 0.001,
    "batch_size": 16
  }
}