{
  "accuracy": 0.7526758409785933,
  "f1_score": 0.10758620689655173,
  "auc": 0.4717772571862733,
  "confusion_matrix": [
    [
      1930,
      156
    ],
    [
      491,
      39
    ]
  ],
  "training_config": {
    "epochs": 200,
    "learning_rate": 0.001,
    "batch_size": 16
  }
}