{
  "accuracy": 0.6824789594491201,
  "f1_score": 0.7668539325842697,
  "auc": 0.7184475181020102,
  "auprc": 0.8852116687478936,
  "confusion_matrix": [
    [
      419,
      286
    ],
    [
      544,
      1365
    ]
  ],
  "training_config": {
    "epochs": 1000,
    "learning_rate": 0.001,
    "batch_size": 16
  }
}