{
  "accuracy": 0.9197247706422018,
  "f1_score": 0.03669724770642202,
  "auc": 0.6005165289256198,
  "confusion_matrix": [
    [
      2402,
      18
    ],
    [
      192,
      4
    ]
  ],
  "training_config": {
    "epochs": 200,
    "learning_rate": 0.001,
    "batch_size": 16
  }
}