{
  "accuracy": 0.7127008416220352,
  "f1_score": 0.02340702210663199,
  "auc": 0.5049356528723463,
  "auprc": 0.27674896732788246,
  "confusion_matrix": [
    [
      1854,
      35
    ],
    [
      716,
      9
    ]
  ],
  "training_config": {
    "epochs": 1000,
    "learning_rate": 0.001,
    "batch_size": 16
  }
}