{
  "accuracy": 0.7018348623853211,
  "f1_score": 0.28440366972477066,
  "auc": 0.5835359365662396,
  "auprc": 0.35284088570014716,
  "confusion_matrix": [
    [
      1681,
      209
    ],
    [
      571,
      155
    ]
  ],
  "training_config": {
    "epochs": 2000,
    "learning_rate": 0.001,
    "batch_size": 16
  }
}