{
  "accuracy": 0.7473241590214067,
  "f1_score": 0.8213030548796972,
  "auc": 0.8036696839128451,
  "auprc": 0.9257457334238692,
  "confusion_matrix": [
    [
      436,
      269
    ],
    [
      392,
      1519
    ]
  ],
  "training_config": {
    "epochs": 2000,
    "learning_rate": 0.001,
    "batch_size": 16
  }
}