{
  "accuracy": 0.7614678899082569,
  "f1_score": 0.82941498086386,
  "auc": 0.8223806925934585,
  "auprc": 0.9371264928349383,
  "confusion_matrix": [
    [
      475,
      230
    ],
    [
      394,
      1517
    ]
  ],
  "training_config": {
    "epochs": 2000,
    "learning_rate": 0.001,
    "batch_size": 16
  }
}