{
  "accuracy": 0.7465596330275229,
  "f1_score": 0.8101918121958203,
  "auc": 0.8198722587780338,
  "auprc": 0.934393671005999,
  "confusion_matrix": [
    [
      538,
      167
    ],
    [
      496,
      1415
    ]
  ],
  "training_config": {
    "epochs": 2000,
    "learning_rate": 0.001,
    "batch_size": 16
  }
}