{
  "accuracy": 0.7335626911314985,
  "f1_score": 0.8060116893960478,
  "auc": 0.7936745456502295,
  "auprc": 0.9220734220559391,
  "confusion_matrix": [
    [
      471,
      234
    ],
    [
      463,
      1448
    ]
  ],
  "training_config": {
    "epochs": 2000,
    "learning_rate": 0.001,
    "batch_size": 16
  }
}