{
  "accuracy": 0.6093272171253823,
  "f1_score": 0.6060138781804163,
  "auc": 0.6303189321825703,
  "confusion_matrix": [
    [
      808,
      427
    ],
    [
      595,
      786
    ]
  ],
  "training_config": {
    "epochs": 2000,
    "learning_rate": 0.001,
    "batch_size": 16
  }
}