{
  "accuracy": 0.8944954128440367,
  "f1_score": 0.12101910828025478,
  "auc": 0.7559390285039637,
  "confusion_matrix": [
    [
      2321,
      99
    ],
    [
      177,
      19
    ]
  ],
  "training_config": {
    "epochs": 200,
    "learning_rate": 0.001,
    "batch_size": 16
  }
}