{
  "accuracy": 0.9013761467889908,
  "f1_score": 0.17834394904458598,
  "auc": 0.7421582475965592,
  "auprc": 0.17718172478003957,
  "confusion_matrix": [
    [
      2330,
      90
    ],
    [
      168,
      28
    ]
  ],
  "training_config": {
    "epochs": 2000,
    "learning_rate": 0.001,
    "batch_size": 16
  }
}