{
  "accuracy": 0.908256880733945,
  "f1_score": 0.16083916083916083,
  "auc": 0.7512459942654748,
  "confusion_matrix": [
    [
      2353,
      67
    ],
    [
      173,
      23
    ]
  ],
  "training_config": {
    "epochs": 2000,
    "learning_rate": 0.001,
    "batch_size": 16
  }
}