{
  "accuracy": 0.5967125382262997,
  "f1_score": 0.5706145706145707,
  "auc": 0.6101239131505558,
  "confusion_matrix": [
    [
      860,
      374
    ],
    [
      681,
      701
    ]
  ],
  "training_config": {
    "epochs": 2000,
    "learning_rate": 0.001,
    "batch_size": 16
  }
}