{
  "accuracy": 0.6330275229357798,
  "f1_score": 0.6360879454131918,
  "auc": 0.6665354272999382,
  "confusion_matrix": [
    [
      817,
      418
    ],
    [
      542,
      839
    ]
  ],
  "training_config": {
    "epochs": 200,
    "learning_rate": 0.001,
    "batch_size": 16
  }
}