{
  "accuracy": 0.7553516819571865,
  "f1_score": 0.09348441926345609,
  "auc": 0.5101560384158663,
  "confusion_matrix": [
    [
      1943,
      144
    ],
    [
      496,
      33
    ]
  ],
  "training_config": {
    "epochs": 200,
    "learning_rate": 0.001,
    "batch_size": 16
  }
}