{
  "accuracy": 0.9051987767584098,
  "f1_score": 0.13286713286713286,
  "auc": 0.734750801146905,
  "confusion_matrix": [
    [
      2349,
      71
    ],
    [
      177,
      19
    ]
  ],
  "training_config": {
    "epochs": 200,
    "learning_rate": 0.001,
    "batch_size": 16
  }
}