{
  "accuracy": 0.7457951070336392,
  "f1_score": 0.8155339805825242,
  "auc": 0.8000437927489599,
  "auprc": 0.9258823750611691,
  "confusion_matrix": [
    [
      481,
      224
    ],
    [
      441,
      1470
    ]
  ],
  "training_config": {
    "epochs": 2000,
    "learning_rate": 0.001,
    "batch_size": 16
  }
}