{
  "accuracy": 0.7301223241590215,
  "f1_score": 0.8159541188738269,
  "auc": 0.7656650003154563,
  "auprc": 0.9075577534603486,
  "confusion_matrix": [
    [
      345,
      360
    ],
    [
      346,
      1565
    ]
  ],
  "training_config": {
    "epochs": 2000,
    "learning_rate": 0.001,
    "batch_size": 16
  }
}