{
  "accuracy": 0.7087155963302753,
  "f1_score": 0.2240325865580448,
  "auc": 0.571505094232367,
  "auprc": 0.3586349699878799,
  "confusion_matrix": [
    [
      1744,
      146
    ],
    [
      616,
      110
    ]
  ],
  "training_config": {
    "epochs": 1000,
    "learning_rate": 0.001,
    "batch_size": 16
  }
}