{
  "accuracy": 0.746177370030581,
  "f1_score": 0.8189749182115594,
  "auc": 0.8135902260522321,
  "auprc": 0.9302838935405984,
  "confusion_matrix": [
    [
      450,
      255
    ],
    [
      409,
      1502
    ]
  ],
  "training_config": {
    "epochs": 2000,
    "learning_rate": 0.001,
    "batch_size": 16
  }
}