{
  "accuracy": 0.6708715596330275,
  "f1_score": 0.6759503199096726,
  "auc": 0.7110727881279802,
  "confusion_matrix": [
    [
      857,
      377
    ],
    [
      484,
      898
    ]
  ],
  "training_config": {
    "epochs": 2000,
    "learning_rate": 0.001,
    "batch_size": 16
  }
}