{
  "accuracy": 0.6991590214067278,
  "f1_score": 0.0859465737514518,
  "auc": 0.4751144258648043,
  "auprc": 0.2650220420339983,
  "confusion_matrix": [
    [
      1792,
      99
    ],
    [
      688,
      37
    ]
  ],
  "training_config": {
    "epochs": 1000,
    "learning_rate": 0.001,
    "batch_size": 16
  }
}