{
  "accuracy": 0.7107880642693191,
  "f1_score": 0.05970149253731343,
  "auc": 0.5374520362899545,
  "auprc": 0.3049177891282374,
  "confusion_matrix": [
    [
      1834,
      55
    ],
    [
      701,
      24
    ]
  ],
  "training_config": {
    "epochs": 1000,
    "learning_rate": 0.001,
    "batch_size": 16
  }
}