{
  "accuracy": 0.7042846212700842,
  "f1_score": 0.7821921668075514,
  "auc": 0.755071349226694,
  "auprc": 0.9017057523867524,
  "confusion_matrix": [
    [
      453,
      252
    ],
    [
      521,
      1388
    ]
  ],
  "training_config": {
    "epochs": 1000,
    "learning_rate": 0.001,
    "batch_size": 16
  }
}