{
  "accuracy": 0.7198012232415902,
  "f1_score": 0.031704095112285335,
  "auc": 0.5378909170480861,
  "auprc": 0.3148242683296168,
  "confusion_matrix": [
    [
      1871,
      20
    ],
    [
      713,
      12
    ]
  ],
  "training_config": {
    "epochs": 1000,
    "learning_rate": 0.001,
    "batch_size": 16
  }
}