{
  "accuracy": 0.706039755351682,
  "f1_score": 0.08994082840236686,
  "auc": 0.5428855656128383,
  "auprc": 0.30231819226757606,
  "confusion_matrix": [
    [
      1809,
      81
    ],
    [
      688,
      38
    ]
  ],
  "training_config": {
    "epochs": 1000,
    "learning_rate": 0.001,
    "batch_size": 16
  }
}