{
  "accuracy": 0.7010703363914373,
  "f1_score": 0.783499446290144,
  "auc": 0.7511744250346074,
  "auprc": 0.9024081224635296,
  "confusion_matrix": [
    [
      419,
      286
    ],
    [
      496,
      1415
    ]
  ],
  "training_config": {
    "epochs": 1000,
    "learning_rate": 0.001,
    "batch_size": 16
  }
}