{
  "accuracy": 0.6915137614678899,
  "f1_score": 0.7705430764856411,
  "auc": 0.7459671702832796,
  "auprc": 0.9004006872810253,
  "confusion_matrix": [
    [
      454,
      251
    ],
    [
      556,
      1355
    ]
  ],
  "training_config": {
    "epochs": 1000,
    "learning_rate": 0.001,
    "batch_size": 16
  }
}