{
  "accuracy": 0.6739296636085627,
  "f1_score": 0.7670035509423655,
  "auc": 0.7114087533540421,
  "auprc": 0.8830040504436212,
  "confusion_matrix": [
    [
      359,
      346
    ],
    [
      507,
      1404
    ]
  ],
  "training_config": {
    "epochs": 1000,
    "learning_rate": 0.001,
    "batch_size": 16
  }
}