{
  "accuracy": 0.72782874617737,
  "f1_score": 0.8022222222222222,
  "auc": 0.7850644458547194,
  "auprc": 0.9137849436242522,
  "confusion_matrix": [
    [
      460,
      245
    ],
    [
      467,
      1444
    ]
  ],
  "training_config": {
    "epochs": 1000,
    "learning_rate": 0.001,
    "batch_size": 16
  }
}