{
  "accuracy": 0.6586391437308868,
  "f1_score": 0.28844621513944224,
  "auc": 0.554463064607305,
  "auprc": 0.30931786867892974,
  "confusion_matrix": [
    [
      1542,
      349
    ],
    [
      544,
      181
    ]
  ],
  "training_config": {
    "epochs": 2000,
    "learning_rate": 0.001,
    "batch_size": 16
  }
}