{
  "accuracy": 0.7224770642201835,
  "f1_score": 0.8007683863885839,
  "auc": 0.7786339631324434,
  "auprc": 0.9170811675331829,
  "confusion_matrix": [
    [
      431,
      274
    ],
    [
      452,
      1459
    ]
  ],
  "training_config": {
    "epochs": 2000,
    "learning_rate": 0.001,
    "batch_size": 16
  }
}