{
  "accuracy": 0.691131498470948,
  "f1_score": 0.19681908548707752,
  "auc": 0.5731295640386549,
  "auprc": 0.33098791826310375,
  "confusion_matrix": [
    [
      1709,
      181
    ],
    [
      627,
      99
    ]
  ],
  "training_config": {
    "epochs": 2000,
    "learning_rate": 0.001,
    "batch_size": 16
  }
}