{
  "accuracy": 0.6295871559633027,
  "f1_score": 0.28275351591413767,
  "auc": 0.5523922755703058,
  "auprc": 0.29737192306421956,
  "confusion_matrix": [
    [
      1456,
      435
    ],
    [
      534,
      191
    ]
  ],
  "training_config": {
    "epochs": 2000,
    "learning_rate": 0.001,
    "batch_size": 16
  }
}