{
  "accuracy": 0.713302752293578,
  "f1_score": 0.7987117552334944,
  "auc": 0.7620524696512538,
  "auprc": 0.9077932355564192,
  "confusion_matrix": [
    [
      378,
      327
    ],
    [
      423,
      1488
    ]
  ],
  "training_config": {
    "epochs": 2000,
    "learning_rate": 0.001,
    "batch_size": 16
  }
}