{
  "accuracy": 0.6972477064220184,
  "f1_score": 0.1934826883910387,
  "auc": 0.5437338755520573,
  "auprc": 0.32609867584844066,
  "confusion_matrix": [
    [
      1729,
      161
    ],
    [
      631,
      95
    ]
  ],
  "training_config": {
    "epochs": 2000,
    "learning_rate": 0.001,
    "batch_size": 16
  }
}